use medicine;

INSERT INTO doctor VALUES(101,'Sudhakar Reddy','Medical Officer',111111111);
INSERT INTO doctor VALUES(102,'Rajaram Mohan','Physician',111111112);
INSERT INTO doctor VALUES(103,'Sunny Kuttan','Psychiatrist',111111113);
INSERT INTO doctor VALUES(104,'Annie Kurian','Pediatrician',111111114);
INSERT INTO doctor VALUES(105,'Mohan Kumar','Oncologist',111111115);
INSERT INTO doctor VALUES(106,'Mahendra Saraf','Gynacologist',111111116);
INSERT INTO doctor VALUES(107,'Arvind Sawakar','Cardiologist',111111117);
INSERT INTO doctor VALUES(108,'Bob Kelso','Head Chief of Medicine',111111118);
INSERT INTO doctor VALUES(109,'Suresh Kumar','Emergency',111111119);
INSERT INTO doctor VALUES(110,'Venugopal','Emergency',111111120);

INSERT INTO Department VALUES(1,'General Medicine',108);
INSERT INTO Department VALUES(2,'Surgery',105);
INSERT INTO Department VALUES(3,'Psychiatry',103);

INSERT INTO medical_departmets VALUES(101,1,1);
INSERT INTO medical_departmets VALUES(102,1,1);
INSERT INTO medical_departmets VALUES(103,3,1);
INSERT INTO medical_departmets VALUES(104,1,1);
INSERT INTO medical_departmets VALUES(105,1,0);
INSERT INTO medical_departmets VALUES(105,2,1);
INSERT INTO medical_departmets VALUES(106,1,1);
INSERT INTO medical_departmets VALUES(106,2,0);
INSERT INTO medical_departmets VALUES(107,2,1);
INSERT INTO medical_departmets VALUES(108,1,1);
INSERT INTO medical_departmets VALUES(108,2,0);
INSERT INTO medical_departmets VALUES(109,1,0);
INSERT INTO medical_departmets VALUES(110,2,0);

INSERT INTO Patient VALUES(100000001,'John Smith','1988-04-24','M','821 Okuneva Alley','555-0256',796214,102);
INSERT INTO Patient VALUES(100000002,'Jane Doe','1987-01-04','F','2492  Moonlight Drive','971-4923',619267,109);
INSERT INTO Patient VALUES(100000003,'Jon Dorian','1972-06-12','M','1809  Don Jackson Lane','274-5285',953026,107);
INSERT INTO Patient VALUES(100000004,'Elliot Reid','1990-04-28','F','2609  Bel Meadow Drive','206-1327',510149,102);
INSERT INTO Patient VALUES(100000005,'Christopher Turk','1988-03-25','M','11 Bank Drive','764-1354',199291,102);
INSERT INTO Patient VALUES(100000006,'Jane Smith','2003-07-10','F','9046 Rockcrest St','846-5136',498823,106);
INSERT INTO Patient VALUES(100000007,'Percival Cox','2009-02-02','M','18 Miles Court','436-4240',955257,102);
INSERT INTO Patient VALUES(100000008,'Stanley Hodgson','1960-07-17','M','8666 Myrtle Street','488-7399',985303,108);
INSERT INTO Patient VALUES(100000009,'Holly Townsend','1989-10-25','F','6776 Batz Club','723-6981',969719,110);
INSERT INTO Patient VALUES(100000010,'John Wen','1994-10-19','M','921 Smitham Estate','698-5890',688406,102);
INSERT INTO Patient VALUES(100000011,'Violet Cantrell','1985-04-14','F','941 Beatty Fords','828-1934',775141,103);
INSERT INTO Patient VALUES(100000012,'Molly Clock','1979-10-13','F','24804 Bauch Divide','256-4599',101504,102);
INSERT INTO Patient VALUES(100000013,'Philip Maldonado','1973-09-17','M','3598 Emard Ford','454-3148',329387,105);
INSERT INTO Patient VALUES(100000014,'Tamara Clark','2001-01-03','F','9986 Conner Crossroad','928-1412',835308,106);
INSERT INTO Patient VALUES(100000015,'Grant Martin','2011-10-07','M','453 Tyshawn Stream','473-5710',245360,102);
INSERT INTO Patient VALUES(100000016,'Keith Dudemeister','1984-06-19','M','8824 Hudson Crescent','927-1057',283681,102);
INSERT INTO Patient VALUES(100000017,'Marc Warren','1997-11-20','M','728 Esmeralda Extension','675-1061',180710,102);
INSERT INTO Patient VALUES(100000018,'Todd Quinlan','2020-04-18','M','211 Brooke Brooks','335-0288',835042,104);
INSERT INTO Patient VALUES(100000019,'Dexter Garner','1998-05-17','M','57 Collier Fork','876-5495',688139,102);
INSERT INTO Patient VALUES(100000020,'Clara Becker','1985-09-20','F','68 Beer Street','651-8910',508206,106);

INSERT INTO Appointment VALUES(01,100000011,107,'2021-01-21 10:00','2021-01-28 11:00');
INSERT INTO Appointment VALUES(02,100000020,109,'2021-04-24 10:00','2021-04-24 11:00');
INSERT INTO Appointment VALUES(03,100000013,102,'2021-03-01 10:00','2021-03-09 11:00');
INSERT INTO Appointment VALUES(04,100000004,101,'2021-03-28 10:00','2021-03-31 11:00');
INSERT INTO Appointment VALUES(05,100000015,107,'2021-03-31 10:00','2021-04-10 11:00');
INSERT INTO Appointment VALUES(06,100000011,107,'2021-01-21 11:00','2021-01-28 12:00');
INSERT INTO Appointment VALUES(07,100000012,104,'2021-04-24 11:00','2021-04-24 12:00');
INSERT INTO Appointment VALUES(08,100000003,109,'2018-03-01 11:00','2018-03-09 12:00');
INSERT INTO Appointment VALUES(09,100000014,105,'2021-03-28 11:00','2021-03-31 12:00');
INSERT INTO Appointment VALUES(10,100000015,106,'2021-03-31 11:00','2021-04-10 12:00');
INSERT INTO Appointment VALUES(11,100000001,103,'2021-01-21 14:00','2021-01-28 15:00');
INSERT INTO Appointment VALUES(12,100000012,105,'2021-04-24 14:00','2021-04-24 15:00');
INSERT INTO Appointment VALUES(13,100000009,102,'2021-03-01 14:00','2021-03-09 15:00');
INSERT INTO Appointment VALUES(14,100000014,110,'2021-03-28 14:00','2021-03-31 15:00');
INSERT INTO Appointment VALUES(15,100000019,107,'2021-03-31 14:00','2021-04-10 15:00');
INSERT INTO Appointment VALUES(16,100000011,106,'2021-01-21 15:00','2021-01-28 16:00');
INSERT INTO Appointment VALUES(17,100000012,110,'2021-04-24 15:00','2021-04-24 16:00');
INSERT INTO Appointment VALUES(18,100000008,101,'2018-03-01 15:00','2018-03-09 16:00');
INSERT INTO Appointment VALUES(19,100000014,107,'2021-03-28 15:00','2021-03-31 16:00');
INSERT INTO Appointment VALUES(20,100000015,104,'2021-03-31 15:00','2021-04-10 16:00');

insert into prescription values(103,934383,'1,2,3',48982,'anti-anxiety agents.');
insert into prescription values(103,409698,'1,2,3,4',88040,'antidepressants.');
insert into prescription values(103,100000001,'1,2,3,4',93331,'antipsychotics.');
insert into prescription values(103,452611,'1,2,3,4',96640,'mood stabilizers.');
insert into prescription values(103,323345,'1,2,3,4',38756,'stimulants.');
insert into prescription values(103,785052,'1,2,3,4',15518,'Acute Psychiatric Emergency');
insert into prescription values(103,144544,'1,2,3,4',37610,'Attention Deficit Hyperactivity Disorder');
insert into prescription values(103,316513,'1,3,4',32569,'Alcohol Dependence');
insert into prescription values(103,987906,'1,3,4',31557,'Alcohol Withdrawal');
insert into prescription values(103,915725,null,60385,'Alzheimer’s Disease');
insert into prescription values(103,458647,'1,2,3,4',83312,'Anxiety (Generalised Anxiety Disorder)');
insert into prescription values(103,257156,'1,2,3,4',55436,'Bipolar depression');
insert into prescription values(103,257156,'1,2,3,4',17388,'Bipolar mania');
insert into prescription values(103,409698,'1,2,3,4',63073,'Bipolar mood disorder');
insert into prescription values(103,855334,'1,2,3,4',18998,'Depression');
insert into prescription values(103,452611,'1,2,3,4',66522,'Insomnia');
insert into prescription values(103,458647,'1,2,3,4',68626,'OCD (Obsessive Compulsive Disorder)');
insert into prescription values(103,409698,'1,2,3,4',37961,'Panic Disorder');
insert into prescription values(103,855334,'1,2,3,4',83520,'Psychosis and schizophrenia ');
insert into prescription values(103,452611,'1,2,3,4',60467,'PTSD (Post Traumatic Stress Disorder)');
insert into prescription values(103,100000001,'1,2,3,4',88950,'Seasonal Affective Disorder');
insert into prescription values(103,785052,'1,2,3,4',35760,'Social anxiety or Social Phobia');
insert into prescription values(103,409698,'1,2,3,4',23380,'Insomnia');
insert into prescription values(103,855334,'1,2,3,4',32454,'OCD (Obsessive Compulsive Disorder)');
insert into prescription values(103,452611,'1,2,3,4',63608,'Panic Disorder');
insert into prescription values(103,100000001,'1,2,3,4',60813,'Psychosis and schizophrenia ');
insert into prescription values(103,257156,'1,2,3,4',23170,'PTSD (Post Traumatic Stress Disorder)');
insert into prescription values(103,257156,'1,2,3,4',87518,'Seasonal Affective Disorder');
insert into prescription values(103,409698,'1,2,3,4',86766,'Social anxiety or Social Phobia');
insert into prescription values(103,855334,'1,2,3,4',45855,'Insomnia');
insert into prescription values(103,452611,'1,2,3,4',30924,'Insomnia');
insert into prescription values(102,888528,'5,6,7',36562,'Hypertension (high blood pressure)');
insert into prescription values(102,202592,'5,6,7',50654,'Ischaemic heart disease (angina, heart attack)');
insert into prescription values(102,813299,'5,6,7',26180,'Asthma');
insert into prescription values(102,345411,'5,6,7',29039,'Emphysema or chronic obstructive pulmonary disease (COPD)');
insert into prescription values(102,198568,'5,6,7',93821,'Pneumonia');
insert into prescription values(102,957602,'5,6,7',68602,'Lung fibrosis');
insert into prescription values(102,225693,'5,6,7',10563,'Gastroenteritis');
insert into prescription values(102,733142,'5,6,7',97944,'Liver disease including alcoholic lever disease');
insert into prescription values(102,961996,'5,6,7',74451,'Cerebrovascular accident (strokes)');
insert into prescription values(102,489134,'5,6,7',30781,'Epilepsy (seizures)');
insert into prescription values(102,807763,'5,6,7',98259,'Dementia');
insert into prescription values(102,872505,'5,6,7',81982,'Haematological');
insert into prescription values(101,905626,'8',88169,'Anaemia');
insert into prescription values(102,334995,'5,6,7',84689,'Endocrinological');
insert into prescription values(102,285499,'5,6,7',69287,'Diabetes');
insert into prescription values(102,954165,'5,6,7',61501,'Thyroid disease');
insert into prescription values(102,668971,'5,6,7',36643,'Pituitary disease');
insert into prescription values(102,559151,'5,6,7',24767,'Emphysema or chronic obstructive pulmonary disease (COPD)');
insert into prescription values(102,536567,'5,6,7',87475,'Pneumonia');
insert into prescription values(102,610494,'5,6,7',81832,'Lung fibrosis');
insert into prescription values(102,854601,'5,6,7',51598,'Gastroenteritis');
insert into prescription values(101,866622,'8',45275,'Liver disease including alcoholic lever disease');
insert into prescription values(102,954165,'5,6,7',86130,'Cerebrovascular accident (strokes)');
insert into prescription values(102,668971,'5,6,7',33977,'Epilepsy (seizures)');
insert into prescription values(101,660670,'8',68090,'Dementia');
insert into prescription values(102,888528,'5,6,7',85392,'Haematological');
insert into prescription values(101,510640,'8',43783,'Ischaemic heart disease (angina, heart attack)');
insert into prescription values(102,202592,'5,6,7',79057,'Asthma');
insert into prescription values(101,752526,'8',71217,'Emphysema or chronic obstructive pulmonary disease (COPD)');
insert into prescription values(102,285499,'5,6,7',85347,'Pneumonia');
insert into prescription values(102,954165,'5,6,7',93317,'Lung fibrosis');
insert into prescription values(102,202592,'5,6,7',88395,'Gastroenteritis');
insert into prescription values(102,813299,'5,6,7',90918,'Liver disease including alcoholic lever disease');
insert into prescription values(102,345411,'5,6,7',93181,'Cerebrovascular accident (strokes)');
insert into prescription values(102,202592,'5,6,7',64635,'Epilepsy (seizures)');
insert into prescription values(101,752526,'8',65455,'Dementia');
insert into prescription values(102,813299,'5,6,7',94487,'Haematological');
insert into prescription values(102,559151,'5,6,7',11324,'Anaemia');
insert into prescription values(102,536567,'5,6,7',18968,'Endocrinological');
insert into prescription values(102,610494,'5,6,7',87290,'Diabetes');
insert into prescription values(102,854601,'5,6,7',37231,'Thyroid disease');
insert into prescription values(102,954165,'5,6,7',53795,'Pituitary disease');
insert into prescription values(102,668971,'5,6,7',89843,'Emphysema or chronic obstructive pulmonary disease (COPD)');
insert into prescription values(102,888528,'5,6,7',67718,'Pneumonia');
insert into prescription values(102,202592,'5,6,7',48577,'Lung fibrosis');
insert into prescription values(104,588577,'9,10',37873,'Strep throat');
insert into prescription values(104,165525,'9,10',21672,'Ear infections');
insert into prescription values(104,668192,'9,10',87172,'Sinus infections');
insert into prescription values(104,144372,'9,10',40983,'Childhood pneumonia');
insert into prescription values(104,631559,'9,10',40384,'infections of the mouth.');
insert into prescription values(104,750505,'9,10',43225,'widening the air passages of the lungs (bronchi)');
insert into prescription values(104,933941,'9,10',87823,'ear infections, ');
insert into prescription values(104,324769,'9,10',32319,'respiratory infections, ');
insert into prescription values(104,881340,'9,10',61601,'urinary tract infections');
insert into prescription values(104,884242,'9,10',67953,'skin infections like impetigo.');
insert into prescription values(104,792884,'9,10',15246,'asthma, eczema');
insert into prescription values(104,120107,'9,10',91376,'fevers, pain, and inflammation');
insert into prescription values(104,100000015,'9,10',54105,'pneumonia');
insert into prescription values(104,219756,'9,10',87879,'Strep throat');
insert into prescription values(104,668192,'9,10',43650,'Ear infections');
insert into prescription values(104,144372,'9,10',70253,'Sinus infections');
insert into prescription values(104,631559,'9,10',84781,'Childhood pneumonia');
insert into prescription values(104,750505,'9,10',65675,'widening the air passages of the lungs (bronchi)');
insert into prescription values(104,933941,'9,10',32760,'ear infections, ');
insert into prescription values(104,324769,'9,10',30016,'respiratory infections, ');
insert into prescription values(104,881340,'9,10',70439,'urinary tract infections');
insert into prescription values(104,884242,'9,10',16637,'skin infections like impetigo.');
insert into prescription values(104,792884,'9,10',18261,'asthma, eczema');
insert into prescription values(104,100000012,'9,10',41838,'fevers, pain, and inflammation');
insert into prescription values(104,185021,'9,10',40892,'pneumonia');
insert into prescription values(104,219756,'9,10',83422,'Strep throat');
insert into prescription values(104,324769,'9,10',82251,'Ear infections');
insert into prescription values(104,881340,'9,10',70797,'widening the air passages of the lungs (bronchi)');
insert into prescription values(104,884242,'9,10',80081,'ear infections, ');
insert into prescription values(104,792884,'9,10',76983,'respiratory infections, ');
insert into prescription values(104,100000012,'9,10',73144,'urinary tract infections');
insert into prescription values(104,185021,'9,10',48439,'skin infections like impetigo.');
insert into prescription values(104,219756,'9,10',63569,'asthma, eczema');
insert into prescription values(104,792884,'9,10',47113,'fevers, pain, and inflammation');
insert into prescription values(104,100000012,'9,10',94219,'pneumonia');
insert into prescription values(104,185021,'9,10',19416,'Strep throat');
insert into prescription values(104,219756,'9,10',55265,'Ear infections');
insert into prescription values(105,954296,null,85143,'Surgery.');
insert into prescription values(109,741215,'11,12',93896,'Radiation Therapy Expand. External Beam Radiation. Brachytherapy.');
insert into prescription values(109,704647,'11,12',97370,'Chemotherapy.');
insert into prescription values(105,847078,'11,12',82245,'Immunotherapy Expand. Checkpoint Inhibitors. T-cell Transfer Therapy. Monoclonal Antibodies. Cancer Treatment Vaccines. Immune System Modulators.');
insert into prescription values(109,672707,'11,12',40101,'Targeted Therapy.');
insert into prescription values(109,100000012,'11,12',14347,'Hormone Therapy.');
insert into prescription values(105,561213,null,39117,'Stem Cell Transplant.');
insert into prescription values(105,486528,null,99418,'Precision Medicine.');
insert into prescription values(105,538670,null,62318,'Surgery.');
insert into prescription values(109,252483,'11,12',10733,'Radiation Therapy Expand. External Beam Radiation. Brachytherapy.');
insert into prescription values(105,848966,'11,12',17565,'Chemotherapy.');
insert into prescription values(105,100000014,'11,12',37963,'Immunotherapy Expand. Checkpoint Inhibitors. T-cell Transfer Therapy. Monoclonal Antibodies. Cancer Treatment Vaccines. Immune System Modulators.');
insert into prescription values(105,624675,'11,12',36982,'Targeted Therapy.');
insert into prescription values(109,830294,'11,12',55191,'Hormone Therapy.');
insert into prescription values(109,100000003,null,57669,'Stem Cell Transplant.');
insert into prescription values(105,100000014,null,12324,'Precision Medicine.');
insert into prescription values(109,120958,'11,12',65894,'Chemotherapy.');
insert into prescription values(109,814459,'11,12',63461,'Chemotherapy.');
insert into prescription values(105,551599,'11,12',51055,'Chemotherapy.');
insert into prescription values(109,597116,'11,12',47179,'Chemotherapy.');
insert into prescription values(105,939138,'11,12',48082,'Chemotherapy.');
insert into prescription values(109,100000003,'11,12',96589,'biopsy');
insert into prescription values(105,100000014,'11,12',75902,'Chemotherapy.');
insert into prescription values(109,120958,'11,12',65210,'Chemotherapy.');
insert into prescription values(109,741215,'11,12',64429,'Chemotherapy.');
insert into prescription values(105,495461,'11,12',76469,'Chemotherapy.');
insert into prescription values(105,624675,'11,12',83245,'Chemotherapy.');
insert into prescription values(109,830294,null,40830,'biopsy');
insert into prescription values(109,660952,'11,12',25174,'Chemotherapy.');
insert into prescription values(109,741215,'11,12',15600,'Immunotherapy Expand. Checkpoint Inhibitors. T-cell Transfer Therapy. Monoclonal Antibodies. Cancer Treatment Vaccines. Immune System Modulators.');
insert into prescription values(109,704647,'11,12',10271,'Targeted Therapy.');
insert into prescription values(105,847078,'11,12',57791,'Hormone Therapy.');
insert into prescription values(109,741215,null,57965,'Stem Cell Transplant.');
insert into prescription values(109,704647,'11,12',70544,'Precision Medicine.');
insert into prescription values(109,814459,'11,12',26941,'Chemotherapy.');
insert into prescription values(105,551599,'11,12',26149,'Chemotherapy.');
insert into prescription values(109,597116,'11,12',89722,'Chemotherapy.');
insert into prescription values(105,939138,'11,12',76050,'Chemotherapy.');
insert into prescription values(109,660952,'11,12',17820,'Chemotherapy.');
insert into prescription values(105,100000014,null,46276,'biopsy');
insert into prescription values(109,120958,'11,12',25977,'Chemotherapy.');
insert into prescription values(109,741215,null,44211,'biopsy');
insert into prescription values(106,794544,'10,13',29523,'Cervicitis ');
insert into prescription values(106,238236,null,13412,'Ectopic Pregnancy ');
insert into prescription values(106,538134,'10,13',23549,'Endometrial Hyperplasia ');
insert into prescription values(106,471410,'10,13',38392,'Endometriosis ');
insert into prescription values(106,109127,'10,13',87055,'Endometritis ');
insert into prescription values(106,432898,'10,13',33537,'Female Infertility ');
insert into prescription values(106,197151,'10,13',79122,'Hysterectomy ');
insert into prescription values(106,388047,'10,13',83413,'Menstrual Disorders ');
insert into prescription values(106,651080,'10,13',94723,'Oophorectomy ');
insert into prescription values(106,100000015,null,25657,'Ovarian Cysts ');
insert into prescription values(106,713196,'10,13',86310,'Pelvic Infections ');
insert into prescription values(106,794544,null,50435,'Polycystic Ovary Syndrome ');
insert into prescription values(106,238236,'10,13',60884,'Uterine Bleeding ');
insert into prescription values(106,538134,null,24229,'Uterine Fibroids ');
insert into prescription values(106,471410,null,15572,'Uterine Leiomyomata ');
insert into prescription values(106,109127,'10,13',92568,'Cervicitis ');
insert into prescription values(106,432898,'10,13',57378,'Ectopic Pregnancy ');
insert into prescription values(106,197151,'10,13',14625,'Endometrial Hyperplasia ');
insert into prescription values(106,388047,null,54392,'Endometriosis ');
insert into prescription values(106,651080,'10,13',40373,'Endometritis ');
insert into prescription values(106,432898,'10,13',43039,'Female Infertility ');
insert into prescription values(106,197151,'10,13',46560,'Hysterectomy ');
insert into prescription values(106,388047,'10,13',21329,'Menstrual Disorders ');
insert into prescription values(106,651080,'10,13',17817,'Oophorectomy ');
insert into prescription values(106,100000015,'10,13',50388,'Ovarian Cysts ');
insert into prescription values(106,713196,'10,13',30481,'Pelvic Infections ');
insert into prescription values(106,238236,'10,13',42132,'Polycystic Ovary Syndrome ');
insert into prescription values(106,538134,'10,13',95051,'Uterine Bleeding ');
insert into prescription values(106,471410,'10,13',83892,'Uterine Fibroids ');
insert into prescription values(106,109127,'10,13',78639,'Uterine Leiomyomata ');
insert into prescription values(106,432898,'10,13',97183,'Uterine Bleeding ');
insert into prescription values(106,197151,'10,13',28558,'Uterine Fibroids ');
insert into prescription values(110,167493,null,57913,'Fever of unknown origin');
insert into prescription values(110,117843,null,68547,'Superficial injury, contusion');
insert into prescription values(101,510640,null,47823,'Sprains and Strains');
insert into prescription values(110,918290,null,68896,'Nonspecific chest pain');
insert into prescription values(101,752526,null,65147,'Nonspecific chest pain');
insert into prescription values(110,664853,null,24532,'Superficial injury, contusion');
insert into prescription values(110,744392,null,36165,'Severe bleeding that cannot be stopped.');
insert into prescription values(110,115655,null,85354,'Fits.');
insert into prescription values(110,594836,null,11140,'Loss of consciousness.');
insert into prescription values(110,341920,null,45461,'Poisoning.');
insert into prescription values(110,132949,null,82515,'Road accident multiple injuries');
insert into prescription values(110,611748,null,72275,'Breathing difficulties.');
insert into prescription values(101,772703,null,81491,'Sports injuries.');
insert into prescription values(110,466939,null,36250,'Road accident multiple injuries');
insert into prescription values(101,540072,null,29162,'Road accident multiple injuries');
insert into prescription values(110,424784,null,41854,'Head and spinal cord injuries.');
insert into prescription values(101,243855,null,35658,'Pediatric emergencies.');
insert into prescription values(110,945426,null,52835,'Industrial accidents');
insert into prescription values(110,174227,null,13741,'Burns due to a fire accident');
insert into prescription values(101,662715,null,39816,'Road accident multiple injuries');
insert into prescription values(110,699932,null,75525,'Fall injuries');
insert into prescription values(110,638091,null,49561,'Fits.');
insert into prescription values(101,866622,null,83083,'Loss of consciousness.');
insert into prescription values(110,222805,null,80975,'Poisoning.');
insert into prescription values(101,660670,null,86815,'Breathing difficulties.');
insert into prescription values(110,398887,null,64792,'Sports injuries.');
insert into prescription values(110,440423,null,32278,'Head and spinal cord injuries.');
insert into prescription values(110,287751,null,64586,'Pediatric emergencies.');
insert into prescription values(110,222805,null,52394,'Industrial accidents');
insert into prescription values(110,398887,null,31026,'Nonspecific chest pain');
insert into prescription values(110,918290,null,87651,'Nonspecific chest pain');
insert into prescription values(110,638091,null,33507,'Superficial injury, contusion');
insert into prescription values(101,866622,null,42890,'Severe bleeding that cannot be stopped.');
insert into prescription values(101,510640,null,86513,'Fits.');
insert into prescription values(110,918290,null,49548,'Loss of consciousness.');
insert into prescription values(101,752526,null,51776,'Poisoning.');
insert into prescription values(110,664853,null,31685,'Road accident multiple injuries');
insert into prescription values(110,744392,null,91101,'Breathing difficulties.');
insert into prescription values(101,510640,null,68788,'Sports injuries.');
insert into prescription values(110,918290,null,54636,'Road accident multiple injuries');
insert into prescription values(110,440423,null,46991,'Road accident multiple injuries');
insert into prescription values(110,287751,null,17731,'Head and spinal cord injuries.');
insert into prescription values(101,866622,null,60700,'Pediatric emergencies.');
insert into prescription values(110,222805,null,93817,'Road accident multiple injuries');
insert into prescription values(101,660670,null,55423,'Road accident multiple injuries');
insert into prescription values(110,398887,null,39467,'Road accident multiple injuries');
insert into prescription values(101,510640,null,37954,'Road accident multiple injuries');
insert into prescription values(110,918290,null,54870,'Head and spinal cord injuries.');
insert into prescription values(101,752526,null,22791,'Pediatric emergencies.');
insert into prescription values(107,965329,null,71015,'Anticoagulants');
insert into prescription values(107,960047,null,67918,'Antiplatelet Agents and Dual Antiplatelet Therapy');
insert into prescription values(107,615205,null,27314,'ACE Inhibitors');
insert into prescription values(107,943031,null,84460,'Angiotensin II Receptor Blockers');
insert into prescription values(107,708948,null,25099,'Angiotensin Receptor-Neprilysin Inhibitors');
insert into prescription values(107,718329,null,47324,'Beta Blockers');
insert into prescription values(107,100000011,null,61100,'Calcium Channel Blockers');
insert into prescription values(107,166862,null,89229,'Cholesterol-lowering medications');
insert into prescription values(107,295783,null,34608,'Digitalis Preparations');
insert into prescription values(107,547970,null,92927,'Diuretics');
insert into prescription values(107,965046,null,44780,'Vasodilators');
insert into prescription values(107,100000019,null,36795,'Anticoagulants');
insert into prescription values(107,636984,null,50472,'Antiplatelet Agents and Dual Antiplatelet Therapy');
insert into prescription values(107,282479,null,40273,'ACE Inhibitors');
insert into prescription values(107,100000015,null,97748,'Angiotensin II Receptor Blockers');
insert into prescription values(107,542816,null,48657,'Angiotensin Receptor-Neprilysin Inhibitors');
insert into prescription values(107,340544,null,84841,'Beta Blockers');
insert into prescription values(107,832870,null,36037,'Calcium Channel Blockers');
insert into prescription values(107,133051,null,96540,'Cholesterol-lowering medications');
insert into prescription values(107,394085,null,27045,'Digitalis Preparations');
insert into prescription values(107,385682,null,67401,'Diuretics');
insert into prescription values(107,244406,null,92593,'Vasodilators');
insert into prescription values(107,133051,null,89289,'Anticoagulants');
insert into prescription values(107,394085,null,52166,'Antiplatelet Agents and Dual Antiplatelet Therapy');
insert into prescription values(107,100000019,null,60008,'ACE Inhibitors');
insert into prescription values(107,636984,null,49041,'Angiotensin II Receptor Blockers');
insert into prescription values(107,282479,null,68761,'Angiotensin Receptor-Neprilysin Inhibitors');
insert into prescription values(107,100000015,null,82141,'Beta Blockers');
insert into prescription values(107,542816,null,90232,'Calcium Channel Blockers');
insert into prescription values(107,340544,null,21982,'Cholesterol-lowering medications');
insert into prescription values(107,832870,null,22091,'Digitalis Preparations');
insert into prescription values(107,960047,null,75566,'Diuretics');
insert into prescription values(107,960047,null,56277,'Vasodilators');
insert into prescription values(107,394085,null,55168,'Anticoagulants');
insert into prescription values(107,385682,null,11054,'Antiplatelet Agents and Dual Antiplatelet Therapy');
insert into prescription values(107,244406,null,57331,'ACE Inhibitors');
insert into prescription values(107,133051,null,53181,'Angiotensin II Receptor Blockers');
insert into prescription values(107,394085,null,50156,'Angiotensin Receptor-Neprilysin Inhibitors');

INSERT INTO Medicine VALUES(1,'chlorpromazine',350,'Thorazine',154,'Common medicines');
INSERT INTO Medicine VALUES(2,'diazepam',450,'Valium',154,'Common medicines');
INSERT INTO Medicine VALUES(3,'citalopram',370,'Celexa',154,'Common medicines');
INSERT INTO Medicine VALUES(4,'carbamazepine',500,'Tegretol',154,'Common medicines');
INSERT INTO Medicine VALUES(5,'Enalapril',400,'Vasotec',151,'Common medicines');
INSERT INTO Medicine VALUES(6,'Ramipril',340,'Altace',151,'Common medicines');
INSERT INTO Medicine VALUES(7,'Bisoprolol',550,'Zebeta',151,'Common medicines');
INSERT INTO Medicine VALUES(8,'hydroxyurea',250,'Droxia',151,'Common medicines');
INSERT INTO Medicine VALUES(9,'acetaminophen',150,'Tylenol',27,'Common medicines');
INSERT INTO Medicine VALUES(10,'ibuprofen',125,'Motrin',27,'Common medicines');
INSERT INTO Medicine VALUES(11,'carboplatin',1200,'Paraplatin',152,'Common medicines');
INSERT INTO Medicine VALUES(12,'daunorubicin',3500,'Cerubidine',152,'Common medicines');
INSERT INTO Medicine VALUES(13,'Dinoprostone',200,'Propess',153,'Common medicines');
INSERT INTO Medicine VALUES(14,'antibiotic ointment',250,'Neosporin',150,'Common medicines');
INSERT INTO Medicine VALUES(15,'silver sulfadiazine',190,'Silvadene',150,'Common medicines');